order_id,date,region,sales_channel,customer_segment,category,product,quantity,unit_price,total_sales,discount_percent,shipping_cost,profit_margin,discount_amount,net_sales,profit,total_cost
ORD202313278,2023-10-09,North,Online,Small Business,Clothing,Jeans,39,163.38,6371.82,19.49,19.92,35.5,1241.87,5129.95,1821.13,5149.87
ORD202387397,2024-03-08,South,Online,Individual,Electronics,Laptop,19,379.95,7219.05,8.34,8.57,26.48,602.07,6616.98,1752.18,6625.55
ORD202383563,2023-07-23,South,Store,Corporate,Sports,Dumbbells,3,35.56,106.68,20.81,0.0,47.4,22.2,84.48,40.04,84.48
ORD202410851,2023-06-13,East,Store,Individual,Sports,Yoga Mat,38,30.21,1147.98,15.44,0.0,47.84,177.25,970.73,464.4,970.73
ORD202354118,2023-04-15,East,Online,Corporate,Electronics,Headphones,22,212.72,4679.84,13.12,15.0,15.58,614.0,4065.84,633.46,4080.84
ORD202415695,2024-04-15,North,Store,Small Business,Toys,Action Figures,28,146.46,4100.88,2.27,0.0,30.82,93.09,4007.79,1235.2,4007.79
ORD202492397,2024-09-25,South,Phone,Small Business,Home & Garden,Decor,44,281.41,12382.04,1.16,28.23,35.63,143.63,12238.41,4360.55,12266.64
ORD202316006,2024-11-08,South,Online,Individual,Clothing,Jacket,21,101.09,2122.89,23.56,19.08,30.4,500.15,1622.74,493.31,1641.82
ORD202446434,2024-04-09,East,Online,Corporate,Sports,Tennis Racket,9,34.31,308.79,6.03,22.08,32.62,18.62,290.17,94.65,312.25
ORD202397841,2023-10-01,South,Phone,Small Business,Sports,Basketball,44,163.7,7202.8,22.73,17.76,28.69,1637.2,5565.6,1596.77,5583.36
ORD202331417,2024-04-18,Central,Phone,Individual,Books,Educational,40,47.77,1910.8,5.2,27.03,43.5,99.36,1811.44,787.98,1838.47
ORD202417331,2023-08-23,West,Store,Corporate,Home & Garden,Furniture,29,486.31,14102.99,23.49,0.0,39.83,3312.79,10790.2,4297.74,10790.2
ORD202337653,2024-08-03,West,Online,Corporate,Sports,Tennis Racket,36,191.43,6891.48,2.21,9.9,46.44,152.3,6739.18,3129.68,6749.08
ORD202428726,2023-09-29,Central,Phone,Small Business,Clothing,Jeans,40,172.02,6880.8,13.49,27.6,52.42,928.22,5952.58,3120.34,5980.18
ORD202486622,2024-03-14,South,Store,Individual,Toys,Dolls,25,52.93,1323.25,3.52,0.0,38.57,46.58,1276.67,492.41,1276.67
ORD202421915,2023-02-18,South,Online,Small Business,Home & Garden,Furniture,15,124.37,1865.55,10.59,14.87,22.36,197.56,1667.99,372.96,1682.86
ORD202488172,2023-03-07,West,Phone,Small Business,Books,Comics,8,10.28,82.24,17.67,31.87,51.31,14.53,67.71,34.74,99.58
ORD202482512,2023-01-12,Central,Phone,Corporate,Sports,Basketball,33,193.61,6389.13,16.28,37.45,46.53,1040.15,5348.98,2488.88,5386.43
ORD202424621,2023-10-28,North,Store,Small Business,Books,Non-Fiction,9,41.16,370.44,1.59,0.0,41.62,5.89,364.55,151.73,364.55
ORD202475612,2023-07-02,East,Phone,Small Business,Toys,Action Figures,23,105.29,2421.67,14.78,18.24,41.65,357.92,2063.75,859.55,2081.99
ORD202330032,2024-01-18,Central,Phone,Individual,Home & Garden,Kitchen Appliances,35,262.5,9187.5,17.83,32.82,24.75,1638.13,7549.37,1868.47,7582.19
ORD202474042,2023-01-20,South,Store,Individual,Electronics,Tablet,26,624.77,16244.02,1.01,0.0,21.4,164.06,16079.96,3441.11,16079.96
ORD202384364,2023-03-22,Central,Online,Individual,Electronics,Headphones,15,969.57,14543.55,2.7,5.79,15.64,392.68,14150.87,2213.2,14156.66
ORD202396474,2024-05-01,Central,Store,Small Business,Toys,Board Games,39,79.17,3087.63,17.39,0.0,39.08,536.94,2550.69,996.81,2550.69
ORD202437760,2024-07-06,East,Phone,Corporate,Home & Garden,Kitchen Appliances,37,162.18,6000.66,18.89,16.86,31.44,1133.52,4867.14,1530.23,4884.0
ORD202467422,2024-06-13,South,Online,Individual,Books,Fiction,32,39.94,1278.08,22.01,20.61,48.9,281.31,996.77,487.42,1017.38
ORD202412757,2024-08-25,South,Phone,Individual,Toys,Board Games,6,76.63,459.78,10.41,36.5,30.46,47.86,411.92,125.47,448.42
ORD202392719,2023-03-02,East,Online,Individual,Clothing,T-Shirt,28,84.13,2355.64,6.8,21.19,57.2,160.18,2195.46,1255.8,2216.65
ORD202346500,2024-11-16,South,Phone,Small Business,Books,Non-Fiction,13,53.04,689.52,12.77,22.52,35.14,88.05,601.47,211.36,623.99
ORD202441850,2024-04-29,North,Online,Individual,Home & Garden,Gardening Tools,37,361.6,13379.2,6.1,9.21,28.2,816.13,12563.07,3542.79,12572.28
ORD202456438,2024-03-09,North,Phone,Small Business,Books,Comics,32,35.94,1150.08,9.09,39.15,49.06,104.54,1045.54,512.94,1084.69
ORD202317944,2024-02-17,South,Online,Individual,Sports,Tennis Racket,12,97.98,1175.76,7.52,12.12,37.94,88.42,1087.34,412.54,1099.46
ORD202380292,2024-04-04,East,Online,Corporate,Clothing,Shoes,17,68.02,1156.34,10.28,5.83,59.3,118.87,1037.47,615.22,1043.3
ORD202319880,2024-03-29,North,Online,Small Business,Home & Garden,Bedding,32,458.72,14679.04,3.62,17.24,27.51,531.38,14147.66,3892.02,14164.9
ORD202322224,2023-08-31,West,Store,Individual,Clothing,Shoes,32,119.52,3824.64,2.02,0.0,47.78,77.26,3747.38,1790.5,3747.38
ORD202417685,2023-06-18,East,Store,Corporate,Books,Fiction,17,46.41,788.97,15.81,0.0,42.36,124.74,664.23,281.37,664.23
ORD202465444,2024-12-14,West,Phone,Individual,Sports,Dumbbells,6,137.68,826.08,19.96,14.52,44.33,164.89,661.19,293.11,675.71
ORD202348890,2023-08-11,Central,Phone,Individual,Electronics,Smart Watch,6,1452.46,8714.76,8.15,16.61,36.46,710.25,8004.51,2918.44,8021.12
ORD202417492,2023-02-21,Central,Phone,Individual,Toys,Dolls,26,84.13,2187.38,16.13,15.23,30.66,352.82,1834.56,562.48,1849.79
ORD202376562,2023-03-24,Central,Online,Individual,Home & Garden,Kitchen Appliances,33,228.91,7554.03,20.94,21.89,33.91,1581.81,5972.22,2025.18,5994.11
ORD202362923,2023-05-03,Central,Phone,Individual,Toys,Board Games,25,43.22,1080.5,17.39,16.86,38.54,187.9,892.6,344.01,909.46
ORD202364948,2024-11-04,East,Phone,Corporate,Toys,Building Blocks,16,125.32,2005.12,13.24,17.26,38.88,265.48,1739.64,676.37,1756.9
ORD202397782,2023-11-18,South,Store,Small Business,Clothing,Jacket,48,193.78,9301.44,22.07,0.0,46.75,2052.83,7248.61,3388.73,7248.61
ORD202469929,2023-11-20,West,Online,Small Business,Home & Garden,Furniture,9,175.49,1579.41,21.17,26.41,38.11,334.36,1245.05,474.49,1271.46
ORD202319602,2024-07-04,South,Store,Corporate,Clothing,Dress,33,135.57,4473.81,4.04,0.0,32.52,180.74,4293.07,1396.11,4293.07
ORD202342018,2024-01-14,Central,Store,Small Business,Food,Snacks,38,35.1,1333.8,9.31,0.0,34.52,124.18,1209.62,417.56,1209.62
ORD202490173,2024-10-31,Central,Phone,Corporate,Toys,Action Figures,25,104.57,2614.25,4.02,26.46,25.13,105.09,2509.16,630.55,2535.62
ORD202327601,2023-09-28,Central,Phone,Individual,Electronics,Laptop,35,1373.53,48073.55,17.8,17.12,20.61,8557.09,39516.46,8144.34,39533.58
ORD202446930,2024-09-11,East,Online,Small Business,Clothing,Jacket,21,52.19,1095.99,18.6,23.02,40.99,203.85,892.14,365.69,915.16
ORD202442914,2023-02-22,North,Store,Individual,Electronics,Headphones,33,1176.57,38826.81,15.91,0.0,27.72,6177.35,32649.46,9050.43,32649.46
ORD202427146,2024-10-14,West,Phone,Small Business,Food,Snacks,22,15.98,351.56,9.83,36.76,44.33,34.56,317.0,140.53,353.76
ORD202483519,2023-01-10,South,Phone,Small Business,Electronics,Laptop,27,981.91,26511.57,16.13,30.07,23.75,4276.32,22235.25,5280.87,22265.32
ORD202358393,2024-08-19,South,Store,Individual,Toys,Board Games,33,41.36,1364.88,7.02,0.0,43.06,95.81,1269.07,546.46,1269.07
ORD202457795,2023-02-10,South,Phone,Small Business,Food,Snacks,35,39.58,1385.3,24.86,24.1,21.09,344.39,1040.91,219.53,1065.01
ORD202356357,2024-07-27,South,Phone,Individual,Home & Garden,Gardening Tools,46,461.69,21237.74,0.39,37.85,30.51,82.83,21154.91,6454.36,21192.76
ORD202333206,2024-02-27,East,Phone,Corporate,Electronics,Smartphone,49,1194.98,58554.02,24.51,12.26,29.31,14351.59,44202.43,12955.73,44214.69
ORD202344970,2023-06-13,North,Store,Corporate,Home & Garden,Furniture,21,135.91,2854.11,12.13,0.0,28.17,346.2,2507.91,706.48,2507.91
ORD202336158,2024-04-16,South,Online,Individual,Food,Beverages,18,30.06,541.08,17.4,19.25,43.4,94.15,446.93,193.97,466.18
ORD202362227,2023-12-03,East,Store,Small Business,Food,Coffee,24,14.4,345.6,8.97,0.0,36.78,31.0,314.6,115.71,314.6
ORD202499065,2024-07-03,East,Online,Individual,Food,Coffee,27,18.29,493.83,21.22,8.42,28.06,104.79,389.04,109.16,397.46
ORD202415014,2023-04-22,East,Store,Corporate,Toys,Dolls,48,89.63,4302.24,10.49,0.0,32.41,451.3,3850.94,1248.09,3850.94
ORD202360488,2024-08-13,West,Online,Individual,Clothing,Jacket,25,130.07,3251.75,0.13,20.7,32.45,4.23,3247.52,1053.82,3268.22
ORD202357739,2024-03-17,East,Phone,Small Business,Electronics,Tablet,20,1369.94,27398.8,19.89,36.7,32.55,5449.62,21949.18,7144.46,21985.88
ORD202349363,2024-06-03,West,Store,Small Business,Food,Frozen Food,23,6.24,143.52,10.96,0.0,34.47,15.73,127.79,44.05,127.79
ORD202482667,2023-05-11,West,Phone,Small Business,Clothing,Shoes,22,79.07,1739.54,24.55,35.17,34.65,427.06,1312.48,454.77,1347.65
ORD202390676,2024-08-05,North,Phone,Corporate,Food,Frozen Food,22,16.26,357.72,7.58,26.11,20.97,27.12,330.6,69.33,356.71
ORD202437549,2024-03-16,East,Phone,Corporate,Home & Garden,Bedding,37,285.01,10545.37,5.4,28.69,39.71,569.45,9975.92,3961.44,10004.61
ORD202467954,2024-11-22,South,Store,Small Business,Clothing,Dress,4,171.56,686.24,10.28,0.0,35.83,70.55,615.69,220.6,615.69
ORD202347196,2024-06-11,North,Store,Individual,Sports,Dumbbells,35,202.11,7073.85,24.4,0.0,42.52,1726.02,5347.83,2273.9,5347.83
ORD202439444,2023-07-23,South,Online,Corporate,Clothing,T-Shirt,42,78.13,3281.46,6.77,15.97,53.86,222.15,3059.31,1647.74,3075.28
ORD202369692,2024-02-29,West,Online,Corporate,Sports,Dumbbells,26,36.84,957.84,20.9,22.4,47.25,200.19,757.65,357.99,780.05
ORD202441979,2023-06-01,West,Online,Individual,Sports,Basketball,1,76.79,76.79,6.26,18.73,31.13,4.81,71.98,22.41,90.71
ORD202377889,2024-04-20,North,Online,Corporate,Electronics,Smart Watch,48,529.16,25399.68,15.96,17.92,38.37,4053.79,21345.89,8190.42,21363.81
ORD202370901,2024-11-14,East,Phone,Corporate,Toys,Building Blocks,5,97.58,487.9,6.19,20.68,35.49,30.2,457.7,162.44,478.38
ORD202481810,2024-04-01,East,Store,Individual,Clothing,Shoes,37,41.63,1540.31,2.29,0.0,40.26,35.27,1505.04,605.93,1505.04
ORD202478327,2024-05-11,West,Store,Individual,Sports,Football,47,41.0,1927.0,17.59,0.0,45.11,338.96,1588.04,716.36,1588.04
ORD202440735,2023-10-06,North,Phone,Individual,Food,Beverages,12,5.77,69.24,20.17,20.39,39.08,13.97,55.27,21.6,75.66
ORD202340311,2024-01-28,South,Phone,Individual,Sports,Football,30,205.44,6163.2,23.73,36.6,28.96,1462.53,4700.67,1361.31,4737.27
ORD202463424,2023-12-05,North,Store,Individual,Toys,Dolls,31,17.07,529.17,12.53,0.0,48.34,66.31,462.86,223.75,462.86
ORD202461049,2024-08-21,West,Phone,Corporate,Sports,Basketball,5,214.67,1073.35,23.6,38.33,40.32,253.31,820.04,330.64,858.37
ORD202356105,2023-11-02,Central,Store,Small Business,Home & Garden,Gardening Tools,28,313.6,8780.8,14.39,0.0,43.63,1263.56,7517.24,3279.77,7517.24
ORD202373993,2023-08-13,North,Store,Corporate,Food,Frozen Food,35,33.95,1188.25,13.64,0.0,31.46,162.08,1026.17,322.83,1026.17
ORD202497670,2024-11-26,South,Phone,Corporate,Home & Garden,Gardening Tools,37,331.67,12271.79,16.29,16.2,40.87,1999.07,10272.72,4198.46,10288.92
ORD202391560,2024-06-30,Central,Phone,Small Business,Electronics,Headphones,29,324.85,9420.65,0.46,12.83,17.52,43.33,9377.32,1642.91,9390.15
ORD202321003,2024-10-20,South,Store,Individual,Books,Non-Fiction,35,26.83,939.05,9.63,0.0,48.11,90.43,848.62,408.27,848.62
ORD202459689,2023-12-02,East,Store,Corporate,Clothing,Shoes,10,24.19,241.9,7.05,0.0,54.43,17.05,224.85,122.39,224.85
ORD202465255,2023-09-16,North,Store,Small Business,Home & Garden,Furniture,4,361.8,1447.2,23.42,0.0,30.01,338.93,1108.27,332.59,1108.27
ORD202355870,2023-08-18,North,Phone,Individual,Sports,Basketball,36,142.85,5142.6,13.7,22.7,47.35,704.54,4438.06,2101.42,4460.76
ORD202336130,2023-01-21,South,Online,Corporate,Toys,Board Games,24,123.92,2974.08,10.32,14.3,49.76,306.93,2667.15,1327.17,2681.45
ORD202383920,2023-08-12,South,Store,Small Business,Books,Educational,39,39.03,1522.17,14.05,0.0,52.34,213.86,1308.31,684.77,1308.31
ORD202331465,2023-11-15,East,Online,Small Business,Electronics,Smart Watch,12,972.19,11666.28,18.86,7.58,33.77,2200.26,9466.02,3196.67,9473.6
ORD202461990,2023-07-23,South,Phone,Individual,Electronics,Smart Watch,17,1161.79,19750.43,9.74,18.93,27.41,1923.69,17826.74,4886.31,17845.67
ORD202499687,2024-09-06,North,Phone,Corporate,Home & Garden,Furniture,19,225.14,4277.66,22.63,12.74,22.25,968.03,3309.63,736.39,3322.37
ORD202496706,2024-01-15,East,Phone,Individual,Electronics,Smart Watch,7,1922.24,13455.68,12.06,24.79,31.92,1622.76,11832.92,3777.07,11857.71
ORD202474251,2023-04-19,West,Phone,Small Business,Books,Educational,16,32.42,518.72,8.22,30.18,40.86,42.64,476.08,194.53,506.26
ORD202367080,2023-06-30,East,Phone,Small Business,Sports,Dumbbells,36,285.47,10276.92,2.84,37.93,43.63,291.86,9985.06,4356.48,10022.99
ORD202470931,2024-03-22,East,Store,Individual,Home & Garden,Bedding,39,498.17,19428.63,18.43,0.0,23.29,3580.7,15847.93,3690.98,15847.93
ORD202346559,2024-04-06,Central,Phone,Small Business,Clothing,Shoes,29,83.16,2411.64,3.57,32.85,33.51,86.1,2325.54,779.29,2358.39
ORD202454092,2023-01-30,West,Online,Individual,Books,Educational,44,53.34,2346.96,10.65,10.56,51.77,249.95,2097.01,1085.62,2107.57
ORD202443862,2023-12-15,East,Phone,Small Business,Food,Fresh Produce,9,41.98,377.82,2.03,12.55,37.66,7.67,370.15,139.4,382.7
ORD202377715,2023-07-15,West,Phone,Corporate,Electronics,Smartphone,19,1246.35,23680.65,22.01,17.1,36.58,5212.11,18468.54,6755.79,18485.64
ORD202372402,2024-10-23,North,Store,Individual,Sports,Yoga Mat,7,296.22,2073.54,9.41,0.0,43.07,195.12,1878.42,809.04,1878.42
ORD202439045,2024-02-19,Central,Store,Corporate,Sports,Football,31,160.05,4961.55,17.63,0.0,35.56,874.72,4086.83,1453.28,4086.83
ORD202482544,2024-06-27,Central,Phone,Corporate,Food,Frozen Food,10,45.79,457.9,12.32,10.34,22.78,56.41,401.49,91.46,411.83
ORD202469473,2023-10-05,North,Online,Small Business,Food,Beverages,28,30.72,860.16,19.18,25.57,38.52,164.98,695.18,267.78,720.75
ORD202351359,2023-05-03,South,Phone,Individual,Sports,Dumbbells,39,231.43,9025.77,24.05,21.25,39.67,2170.7,6855.07,2719.41,6876.32
ORD202373464,2023-10-11,Central,Phone,Corporate,Sports,Dumbbells,49,52.38,2566.62,10.91,34.06,38.57,280.02,2286.6,881.94,2320.66
ORD202335443,2023-10-31,East,Online,Individual,Clothing,Jacket,45,194.58,8756.1,22.28,18.19,31.29,1950.86,6805.24,2129.36,6823.43
ORD202345954,2023-02-16,South,Store,Small Business,Electronics,Smart Watch,11,1854.41,20398.51,17.39,0.0,21.32,3547.3,16851.21,3592.68,16851.21
ORD202423446,2023-01-13,West,Store,Corporate,Toys,Puzzles,18,37.44,673.92,7.36,0.0,30.42,49.6,624.32,189.92,624.32
ORD202434164,2023-02-22,North,Online,Corporate,Food,Frozen Food,1,33.24,33.24,22.53,6.14,34.61,7.49,25.75,8.91,31.89
ORD202419710,2024-08-13,South,Online,Small Business,Sports,Basketball,12,288.85,3466.2,9.86,7.67,29.16,341.77,3124.43,911.08,3132.1
ORD202421164,2023-09-12,Central,Store,Small Business,Electronics,Smart Watch,8,505.42,4043.36,9.71,0.0,31.17,392.61,3650.75,1137.94,3650.75
ORD202378494,2024-01-25,Central,Store,Corporate,Books,Comics,28,13.89,388.92,24.66,0.0,54.49,95.91,293.01,159.66,293.01
ORD202484531,2024-09-27,North,Phone,Individual,Electronics,Smart Watch,17,703.57,11960.69,15.07,18.13,25.28,1802.48,10158.21,2568.0,10176.34
ORD202344687,2024-11-07,South,Online,Small Business,Electronics,Smartphone,13,1839.67,23915.71,23.74,23.14,35.56,5677.59,18238.12,6485.48,18261.26
ORD202330517,2023-01-03,Central,Phone,Corporate,Books,Comics,47,55.96,2630.12,21.92,26.55,36.65,576.52,2053.6,752.64,2080.15
ORD202414278,2023-08-26,West,Phone,Individual,Food,Beverages,5,6.19,30.95,20.26,39.62,29.41,6.27,24.68,7.26,64.3
ORD202344675,2024-10-02,North,Store,Small Business,Toys,Board Games,49,65.86,3227.14,9.82,0.0,43.74,316.91,2910.23,1272.93,2910.23
ORD202394886,2023-06-02,North,Online,Individual,Food,Snacks,27,30.61,826.47,0.92,8.35,21.59,7.6,818.87,176.79,827.22
ORD202487993,2024-08-05,West,Online,Small Business,Food,Frozen Food,21,7.54,158.34,20.32,29.99,41.62,32.17,126.17,52.51,156.16
ORD202462757,2023-10-06,West,Store,Individual,Toys,Building Blocks,38,138.28,5254.64,18.15,0.0,39.63,953.72,4300.92,1704.45,4300.92
ORD202366626,2023-11-27,North,Online,Individual,Toys,Puzzles,10,129.7,1297.0,11.26,8.23,31.18,146.04,1150.96,358.87,1159.19
ORD202398117,2023-10-03,West,Online,Small Business,Toys,Action Figures,45,96.83,4357.35,16.79,20.45,30.72,731.6,3625.75,1113.83,3646.2
ORD202446458,2023-07-05,West,Phone,Individual,Toys,Dolls,28,51.27,1435.56,12.45,24.29,25.55,178.73,1256.83,321.12,1281.12
ORD202455607,2024-02-23,North,Phone,Individual,Food,Beverages,3,28.41,85.23,13.8,26.83,41.3,11.76,73.47,30.34,100.3
ORD202463955,2024-12-11,West,Phone,Small Business,Books,Educational,30,49.59,1487.7,12.0,22.62,46.8,178.52,1309.18,612.7,1331.8
ORD202369614,2023-04-01,North,Store,Corporate,Food,Beverages,37,32.91,1217.67,5.32,0.0,37.6,64.78,1152.89,433.49,1152.89
ORD202396200,2024-07-09,South,Online,Small Business,Books,Comics,38,40.86,1552.68,15.2,20.92,54.61,236.01,1316.67,719.03,1337.59
ORD202491609,2024-05-25,South,Online,Corporate,Sports,Yoga Mat,15,148.12,2221.8,8.71,17.85,46.08,193.52,2028.28,934.63,2046.13
ORD202347752,2024-03-24,North,Online,Small Business,Sports,Yoga Mat,24,275.83,6619.92,13.09,22.44,33.96,866.55,5753.37,1953.84,5775.81
ORD202330758,2023-11-15,West,Phone,Individual,Toys,Action Figures,29,34.85,1010.65,12.3,17.75,48.16,124.31,886.34,426.86,904.09
ORD202324871,2024-04-17,East,Store,Small Business,Electronics,Smartphone,24,282.55,6781.2,8.69,0.0,30.52,589.29,6191.91,1889.77,6191.91
ORD202464459,2024-05-09,Central,Store,Individual,Books,Non-Fiction,43,38.98,1676.14,13.43,0.0,41.83,225.11,1451.03,606.97,1451.03
ORD202434983,2024-09-05,East,Online,Corporate,Toys,Board Games,23,32.29,742.67,3.47,21.02,28.8,25.77,716.9,206.47,737.92
ORD202476550,2023-10-01,East,Store,Small Business,Home & Garden,Furniture,40,363.43,14537.2,21.86,0.0,31.47,3177.83,11359.37,3574.79,11359.37
ORD202429476,2024-04-02,East,Store,Small Business,Toys,Dolls,27,105.12,2838.24,4.81,0.0,29.31,136.52,2701.72,791.87,2701.72
ORD202469682,2023-11-26,South,Phone,Small Business,Home & Garden,Kitchen Appliances,19,419.81,7976.39,8.69,10.95,29.94,693.15,7283.24,2180.6,7294.19
ORD202440613,2024-02-25,West,Phone,Small Business,Electronics,Tablet,6,417.14,2502.84,5.16,20.93,26.52,129.15,2373.69,629.5,2394.62
ORD202460604,2024-11-10,North,Store,Individual,Home & Garden,Kitchen Appliances,14,198.54,2779.56,2.31,0.0,29.4,64.21,2715.35,798.31,2715.35
ORD202423154,2024-03-26,North,Store,Small Business,Electronics,Smart Watch,47,1330.22,62520.34,21.84,0.0,17.04,13654.44,48865.9,8326.75,48865.9
ORD202363736,2024-11-01,East,Store,Corporate,Clothing,T-Shirt,48,30.99,1487.52,20.16,0.0,38.31,299.88,1187.64,454.98,1187.64
ORD202495175,2023-03-24,Central,Phone,Corporate,Home & Garden,Decor,49,318.78,15620.22,13.41,37.72,44.68,2094.67,13525.55,6043.22,13563.27
ORD202492155,2024-05-14,Central,Online,Individual,Home & Garden,Bedding,14,328.21,4594.94,11.56,23.69,30.49,531.18,4063.76,1239.04,4087.45
ORD202392727,2024-12-01,North,Phone,Corporate,Food,Snacks,14,11.65,163.1,17.18,35.33,23.33,28.02,135.08,31.51,170.41
ORD202393066,2024-12-21,South,Store,Small Business,Home & Garden,Furniture,43,289.45,12446.35,11.19,0.0,24.46,1392.75,11053.6,2703.71,11053.6
ORD202413794,2023-02-17,East,Store,Corporate,Food,Coffee,35,22.87,800.45,18.44,0.0,22.62,147.6,652.85,147.67,652.85
ORD202429080,2023-09-08,South,Phone,Individual,Toys,Dolls,28,17.71,495.88,5.29,19.82,33.05,26.23,469.65,155.22,489.47
ORD202320350,2024-09-16,South,Phone,Corporate,Home & Garden,Gardening Tools,44,154.95,6817.8,11.85,20.65,29.89,807.91,6009.89,1796.36,6030.54
ORD202340433,2024-04-17,East,Store,Small Business,Sports,Tennis Racket,41,164.58,6747.78,13.43,0.0,29.74,906.23,5841.55,1737.28,5841.55
ORD202370981,2023-10-22,North,Online,Corporate,Sports,Dumbbells,34,180.59,6140.06,14.11,14.47,39.73,866.36,5273.7,2095.24,5288.17
ORD202487014,2023-11-03,East,Phone,Corporate,Sports,Yoga Mat,37,128.03,4737.11,14.27,20.68,40.92,675.99,4061.12,1661.81,4081.8
ORD202436111,2024-01-29,South,Online,Corporate,Home & Garden,Gardening Tools,45,198.66,8939.7,0.19,10.63,43.47,16.99,8922.71,3878.7,8933.34
ORD202485341,2023-10-30,West,Online,Corporate,Sports,Tennis Racket,6,96.41,578.46,4.66,12.13,31.21,26.96,551.5,172.12,563.63
ORD202384177,2024-12-03,West,Phone,Corporate,Home & Garden,Furniture,31,75.04,2326.24,1.29,10.55,41.37,30.01,2296.23,949.95,2306.78
ORD202389569,2023-12-27,East,Phone,Small Business,Clothing,Jeans,37,196.83,7282.71,9.95,39.08,33.36,724.63,6558.08,2187.78,6597.16
ORD202392345,2023-04-10,West,Store,Individual,Sports,Basketball,4,31.43,125.72,12.27,0.0,47.5,15.43,110.29,52.39,110.29
ORD202427224,2023-04-03,West,Phone,Individual,Food,Beverages,38,35.09,1333.42,13.92,27.15,43.23,185.61,1147.81,496.2,1174.96
ORD202327322,2024-07-06,East,Phone,Individual,Food,Fresh Produce,45,39.63,1783.35,8.09,22.76,24.68,144.27,1639.08,404.52,1661.84
ORD202473156,2023-10-30,West,Online,Individual,Sports,Tennis Racket,33,228.79,7550.07,17.68,24.19,38.6,1334.85,6215.22,2399.07,6239.41
ORD202339571,2024-11-23,East,Phone,Individual,Sports,Yoga Mat,38,186.93,7103.34,12.03,25.98,31.09,854.53,6248.81,1942.76,6274.79
ORD202411824,2023-09-28,East,Store,Small Business,Toys,Action Figures,33,64.85,2140.05,13.72,0.0,36.36,293.61,1846.44,671.37,1846.44
ORD202486619,2024-01-26,South,Online,Corporate,Home & Garden,Decor,10,495.48,4954.8,20.25,11.37,29.41,1003.35,3951.45,1162.12,3962.82
ORD202391205,2024-07-28,North,Online,Small Business,Food,Fresh Produce,37,5.12,189.44,11.83,20.15,22.92,22.41,167.03,38.28,187.18
ORD202449608,2024-10-26,North,Online,Individual,Books,Fiction,35,27.44,960.4,20.77,29.13,53.59,199.48,760.92,407.78,790.05
ORD202474569,2023-04-29,South,Phone,Corporate,Electronics,Smartphone,14,1879.29,26310.06,5.13,21.38,39.77,1349.71,24960.35,9926.73,24981.73
ORD202458629,2024-11-17,Central,Store,Small Business,Sports,Dumbbells,1,230.1,230.1,21.05,0.0,39.49,48.44,181.66,71.74,181.66
ORD202364379,2024-11-01,West,Phone,Corporate,Electronics,Headphones,8,1690.29,13522.32,19.99,34.75,33.76,2703.11,10819.21,3652.57,10853.96
ORD202358566,2023-08-11,East,Online,Individual,Books,Comics,37,50.73,1877.01,13.08,13.97,48.3,245.51,1631.5,788.01,1645.47
ORD202481364,2024-10-22,East,Store,Individual,Food,Coffee,45,31.47,1416.15,11.3,0.0,37.07,160.02,1256.13,465.65,1256.13
ORD202369600,2023-04-04,Central,Phone,Individual,Sports,Football,40,131.77,5270.8,7.53,32.43,37.25,396.89,4873.91,1815.53,4906.34
ORD202353713,2023-09-07,North,Online,Small Business,Clothing,Dress,15,123.95,1859.25,9.79,18.3,40.66,182.02,1677.23,681.96,1695.53
ORD202386858,2023-08-10,South,Store,Small Business,Home & Garden,Kitchen Appliances,40,153.06,6122.4,10.79,0.0,34.49,660.61,5461.79,1883.77,5461.79
ORD202346342,2023-05-29,South,Store,Individual,Clothing,Dress,3,132.99,398.97,3.48,0.0,40.05,13.88,385.09,154.23,385.09
ORD202327275,2023-01-16,East,Phone,Individual,Food,Snacks,15,44.54,668.1,18.54,27.19,32.39,123.87,544.23,176.28,571.42
ORD202344782,2023-02-23,North,Phone,Small Business,Clothing,Shoes,29,47.3,1371.7,6.21,32.32,39.35,85.18,1286.52,506.25,1318.84
ORD202372422,2024-04-04,Central,Phone,Individual,Home & Garden,Decor,4,306.45,1225.8,21.92,20.26,39.54,268.7,957.1,378.44,977.36
ORD202476039,2023-08-15,Central,Phone,Corporate,Toys,Action Figures,38,87.42,3321.96,11.43,28.12,34.47,379.7,2942.26,1014.2,2970.38
ORD202494323,2023-02-01,West,Store,Small Business,Electronics,Headphones,15,1635.13,24526.95,5.73,0.0,18.75,1405.39,23121.56,4335.29,23121.56
ORD202374260,2024-12-30,East,Online,Small Business,Books,Fiction,12,48.59,583.08,14.96,19.14,35.24,87.23,495.85,174.74,514.99
ORD202318609,2023-05-10,Central,Phone,Small Business,Food,Fresh Produce,26,16.33,424.58,4.54,37.25,28.64,19.28,405.3,116.08,442.55
ORD202459925,2024-09-03,Central,Store,Small Business,Toys,Puzzles,38,45.69,1736.22,7.2,0.0,35.59,125.01,1611.21,573.43,1611.21
ORD202422999,2024-12-19,South,Phone,Corporate,Electronics,Smart Watch,43,476.03,20469.29,12.65,28.34,29.66,2589.37,17879.92,5303.18,17908.26
ORD202439949,2024-02-28,West,Store,Small Business,Food,Frozen Food,47,37.67,1770.49,2.56,0.0,34.82,45.32,1725.17,600.7,1725.17
ORD202350966,2024-03-13,South,Store,Small Business,Food,Beverages,48,36.35,1744.8,17.68,0.0,43.06,308.48,1436.32,618.48,1436.32
ORD202418799,2023-04-04,West,Online,Individual,Home & Garden,Furniture,42,397.06,16676.52,1.72,6.93,30.61,286.84,16389.68,5016.88,16396.61
ORD202427054,2024-07-23,Central,Phone,Corporate,Electronics,Smart Watch,14,1881.86,26346.04,11.27,13.4,38.14,2969.2,23376.84,8915.93,23390.24
ORD202363845,2023-12-29,North,Phone,Corporate,Home & Garden,Gardening Tools,21,124.48,2614.08,20.94,19.96,26.29,547.39,2066.69,543.33,2086.65
ORD202456090,2023-04-17,South,Online,Small Business,Toys,Building Blocks,40,97.07,3882.8,18.61,10.14,34.48,722.59,3160.21,1089.64,3170.35
ORD202439392,2023-04-21,North,Store,Corporate,Food,Fresh Produce,26,20.01,520.26,13.43,0.0,29.95,69.87,450.39,134.89,450.39
ORD202366244,2024-07-28,Central,Phone,Individual,Home & Garden,Bedding,11,465.33,5118.63,12.02,37.55,32.71,615.26,4503.37,1473.05,4540.92
ORD202413794,2023-07-04,East,Store,Individual,Food,Beverages,43,6.48,278.64,6.21,0.0,42.82,17.3,261.34,111.91,261.34
ORD202328776,2024-08-02,South,Online,Small Business,Sports,Yoga Mat,25,164.56,4114.0,22.87,14.06,36.38,940.87,3173.13,1154.38,3187.19
ORD202322026,2024-06-27,West,Store,Corporate,Clothing,Shoes,43,133.81,5753.83,16.59,0.0,30.39,954.56,4799.27,1458.5,4799.27
ORD202358503,2023-11-16,Central,Phone,Individual,Sports,Tennis Racket,7,293.4,2053.8,13.93,35.82,37.18,286.09,1767.71,657.23,1803.53
ORD202330392,2023-06-11,North,Online,Corporate,Home & Garden,Bedding,40,275.99,11039.6,1.68,23.75,35.69,185.47,10854.13,3873.84,10877.88
ORD202496761,2024-03-10,West,Store,Corporate,Books,Magazines,19,27.47,521.93,15.62,0.0,44.36,81.53,440.4,195.36,440.4
ORD202377154,2023-04-27,East,Online,Small Business,Food,Frozen Food,29,26.24,760.96,1.64,24.39,34.12,12.48,748.48,255.38,772.87
ORD202479066,2024-11-14,West,Online,Small Business,Food,Coffee,47,28.74,1350.78,12.03,17.43,33.36,162.5,1188.28,396.41,1205.71
ORD202311007,2023-07-29,East,Online,Corporate,Food,Snacks,4,13.19,52.76,23.65,14.33,41.54,12.48,40.28,16.73,54.61
ORD202425726,2023-01-08,South,Online,Corporate,Books,Comics,10,54.87,548.7,20.02,29.47,45.53,109.85,438.85,199.81,468.32
ORD202375570,2024-07-26,West,Online,Small Business,Home & Garden,Decor,32,372.19,11910.08,0.68,10.55,37.16,80.99,11829.09,4395.69,11839.64
ORD202367176,2023-01-20,Central,Store,Corporate,Books,Fiction,24,19.81,475.44,14.88,0.0,45.11,70.75,404.69,182.56,404.69
ORD202493904,2024-03-03,North,Store,Corporate,Food,Coffee,47,30.62,1439.14,13.92,0.0,42.19,200.33,1238.81,522.65,1238.81
ORD202391018,2024-04-16,West,Online,Individual,Home & Garden,Decor,8,94.75,758.0,18.06,26.39,27.59,136.89,621.11,171.36,647.5
ORD202367104,2024-08-26,West,Online,Corporate,Books,Magazines,43,58.13,2499.59,3.53,15.16,53.89,88.24,2411.35,1299.48,2426.51
ORD202439041,2023-12-08,Central,Online,Small Business,Home & Garden,Kitchen Appliances,48,89.12,4277.76,18.4,26.2,36.56,787.11,3490.65,1276.18,3516.85
ORD202379547,2024-06-06,South,Store,Individual,Clothing,Jacket,48,52.66,2527.68,10.54,0.0,47.49,266.42,2261.26,1073.87,2261.26
ORD202329194,2023-09-20,South,Phone,Small Business,Clothing,Jeans,2,183.91,367.82,8.4,34.75,48.74,30.9,336.92,164.21,371.67
ORD202333218,2024-10-05,Central,Phone,Corporate,Books,Comics,3,39.51,118.53,15.6,22.28,40.36,18.49,100.04,40.38,122.32
ORD202492210,2023-11-20,West,Online,Corporate,Clothing,Shoes,30,85.3,2559.0,5.49,29.36,55.83,140.49,2418.51,1350.25,2447.87
ORD202446002,2024-08-28,North,Phone,Corporate,Electronics,Tablet,44,452.2,19896.8,12.19,36.84,36.71,2425.42,17471.38,6413.74,17508.22
ORD202469233,2023-02-08,North,Store,Small Business,Electronics,Tablet,32,965.38,30892.16,6.72,0.0,15.56,2075.95,28816.21,4483.8,28816.21
ORD202390610,2024-08-31,Central,Store,Small Business,Toys,Dolls,40,109.34,4373.6,5.45,0.0,35.06,238.36,4135.24,1449.82,4135.24
ORD202368947,2024-08-08,Central,Store,Corporate,Sports,Football,22,255.43,5619.46,13.14,0.0,47.69,738.4,4881.06,2327.78,4881.06
ORD202318109,2024-04-06,North,Phone,Small Business,Electronics,Tablet,45,1444.2,64989.0,20.56,25.89,32.08,13361.74,51627.26,16562.03,51653.15
ORD202315130,2023-09-11,Central,Store,Small Business,Sports,Yoga Mat,42,185.66,7797.72,13.85,0.0,33.48,1079.98,6717.74,2249.1,6717.74
ORD202357696,2024-01-17,East,Store,Small Business,Food,Frozen Food,25,27.39,684.75,2.66,0.0,38.01,18.21,666.54,253.35,666.54
ORD202392691,2024-10-24,North,Store,Small Business,Food,Coffee,22,11.16,245.52,21.85,0.0,42.5,53.65,191.87,81.54,191.87
ORD202447243,2023-09-16,East,Online,Individual,Sports,Dumbbells,40,97.7,3908.0,12.36,19.33,40.66,483.03,3424.97,1392.59,3444.3
ORD202355851,2023-11-14,Central,Online,Small Business,Sports,Yoga Mat,17,143.07,2432.19,12.97,6.17,35.66,315.46,2116.73,754.83,2122.9
ORD202350577,2024-07-26,Central,Online,Individual,Books,Educational,43,19.22,826.46,19.27,6.71,36.81,159.26,667.2,245.6,673.91
ORD202476648,2024-01-06,South,Store,Individual,Electronics,Tablet,11,719.65,7916.15,17.98,0.0,23.89,1423.32,6492.83,1551.14,6492.83
ORD202473736,2023-07-16,North,Online,Corporate,Clothing,Jeans,39,129.87,5064.93,9.92,28.85,58.48,502.44,4562.49,2668.14,4591.34
ORD202376543,2024-07-06,East,Online,Small Business,Home & Garden,Bedding,22,379.66,8352.52,0.78,11.56,26.94,65.15,8287.37,2232.62,8298.93
ORD202388282,2024-01-21,Central,Online,Individual,Clothing,Jeans,35,171.48,6001.8,23.88,8.87,55.39,1433.23,4568.57,2530.53,4577.44
ORD202415726,2024-02-25,Central,Store,Corporate,Food,Snacks,9,39.69,357.21,1.88,0.0,22.66,6.72,350.49,79.42,350.49
ORD202440671,2024-06-30,South,Store,Corporate,Clothing,Jacket,17,94.3,1603.1,14.96,0.0,51.15,239.82,1363.28,697.32,1363.28
ORD202470513,2023-10-16,Central,Phone,Corporate,Home & Garden,Gardening Tools,25,160.88,4022.0,19.99,30.84,40.84,804.0,3218.0,1314.23,3248.84
ORD202336174,2024-09-11,West,Online,Corporate,Clothing,Jacket,30,20.95,628.5,7.86,25.19,33.09,49.4,579.1,191.62,604.29
ORD202377621,2023-05-08,East,Online,Corporate,Food,Coffee,49,11.16,546.84,11.15,9.63,43.76,60.97,485.87,212.62,495.5
ORD202367340,2023-04-04,North,Store,Corporate,Clothing,Shoes,16,177.13,2834.08,20.16,0.0,51.97,571.35,2262.73,1175.94,2262.73
ORD202361964,2024-05-29,North,Store,Corporate,Food,Snacks,23,37.58,864.34,24.51,0.0,35.93,211.85,652.49,234.44,652.49
ORD202313694,2023-11-23,South,Online,Individual,Electronics,Tablet,18,1080.96,19457.28,24.69,28.6,20.53,4804.0,14653.28,3008.32,14681.88
ORD202471925,2024-12-13,West,Phone,Corporate,Home & Garden,Kitchen Appliances,47,69.87,3283.89,24.98,26.67,35.53,820.32,2463.57,875.31,2490.24
ORD202320384,2023-01-20,Central,Online,Small Business,Food,Snacks,22,46.2,1016.4,17.44,12.43,20.85,177.26,839.14,174.96,851.57
ORD202424573,2023-10-23,North,Online,Individual,Clothing,Jacket,48,40.75,1956.0,19.88,23.63,42.65,388.85,1567.15,668.39,1590.78
ORD202493748,2024-09-29,West,Online,Small Business,Books,Fiction,39,32.76,1277.64,16.11,21.25,45.45,205.83,1071.81,487.14,1093.06
ORD202392831,2024-06-11,South,Phone,Corporate,Toys,Board Games,24,46.05,1105.2,1.92,30.89,28.01,21.22,1083.98,303.62,1114.87
ORD202410205,2024-09-21,West,Phone,Individual,Food,Snacks,40,24.85,994.0,14.31,34.12,30.11,142.24,851.76,256.46,885.88
ORD202378614,2024-01-05,Central,Phone,Small Business,Electronics,Smart Watch,4,1623.3,6493.2,15.65,36.58,22.97,1016.19,5477.01,1258.07,5513.59
ORD202361177,2024-04-26,East,Store,Small Business,Electronics,Headphones,42,1778.0,74676.0,11.55,0.0,25.44,8625.08,66050.92,16803.35,66050.92
ORD202356805,2023-03-11,North,Phone,Small Business,Food,Snacks,34,5.96,202.64,13.22,38.17,41.87,26.79,175.85,73.63,214.02
ORD202427486,2023-02-15,South,Store,Small Business,Food,Fresh Produce,35,8.15,285.25,1.32,0.0,20.24,3.77,281.48,56.97,281.48
ORD202472722,2024-10-08,West,Online,Individual,Clothing,Jeans,49,92.35,4525.15,15.69,26.84,44.4,710.0,3815.15,1693.93,3841.99
ORD202436422,2023-02-14,East,Online,Corporate,Home & Garden,Kitchen Appliances,47,229.23,10773.81,8.41,18.06,24.11,906.08,9867.73,2379.11,9885.79
ORD202481176,2024-04-29,South,Phone,Corporate,Food,Coffee,1,15.74,15.74,8.87,18.62,22.76,1.4,14.34,3.26,32.96
ORD202416265,2024-11-02,East,Online,Corporate,Food,Beverages,4,37.2,148.8,6.93,27.76,34.73,10.31,138.49,48.1,166.25
ORD202467637,2024-01-31,West,Store,Corporate,Food,Snacks,15,24.25,363.75,16.99,0.0,29.61,61.8,301.95,89.41,301.95
ORD202420828,2024-03-10,South,Phone,Small Business,Electronics,Headphones,12,1921.55,23058.6,6.47,27.66,34.95,1491.89,21566.71,7537.57,21594.37
ORD202452101,2023-04-16,East,Phone,Corporate,Electronics,Tablet,39,1782.41,69513.99,11.69,28.4,38.62,8126.19,61387.8,23707.97,61416.2
ORD202488986,2024-03-12,West,Store,Individual,Clothing,Shoes,25,153.8,3845.0,10.04,0.0,31.95,386.04,3458.96,1105.14,3458.96
ORD202490589,2024-03-21,West,Online,Corporate,Food,Coffee,29,34.23,992.67,12.82,10.77,35.19,127.26,865.41,304.54,876.18
ORD202314081,2023-05-27,West,Phone,Individual,Home & Garden,Bedding,34,222.84,7576.56,23.93,34.79,22.84,1813.07,5763.49,1316.38,5798.28
ORD202318812,2023-08-30,West,Store,Small Business,Home & Garden,Decor,5,76.03,380.15,22.09,0.0,44.29,83.98,296.17,131.17,296.17
ORD202389310,2023-06-07,East,Store,Corporate,Sports,Yoga Mat,35,191.26,6694.1,6.51,0.0,38.5,435.79,6258.31,2409.45,6258.31
ORD202385225,2023-05-21,East,Store,Small Business,Toys,Puzzles,35,117.36,4107.6,3.85,0.0,42.4,158.14,3949.46,1674.57,3949.46
ORD202442717,2023-04-27,Central,Store,Corporate,Electronics,Smartphone,32,1034.09,33090.88,18.7,0.0,30.57,6187.99,26902.89,8224.21,26902.89
ORD202344311,2023-09-24,Central,Online,Corporate,Sports,Yoga Mat,25,190.09,4752.25,2.29,26.94,39.6,108.83,4643.42,1838.79,4670.36
ORD202436237,2023-05-06,South,Store,Small Business,Clothing,T-Shirt,3,69.13,207.39,1.11,0.0,44.3,2.3,205.09,90.85,205.09
ORD202421506,2024-11-29,East,Phone,Small Business,Home & Garden,Decor,34,437.96,14890.64,16.38,26.53,40.62,2439.09,12451.55,5057.82,12478.08
ORD202382089,2024-07-09,South,Online,Corporate,Food,Beverages,34,23.38,794.92,6.49,23.09,29.32,51.59,743.33,217.94,766.42
ORD202325907,2023-07-25,West,Online,Individual,Home & Garden,Kitchen Appliances,26,289.67,7531.42,2.74,27.36,44.13,206.36,7325.06,3232.55,7352.42
ORD202482616,2024-08-09,South,Phone,Small Business,Food,Frozen Food,13,43.3,562.9,12.01,27.77,32.38,67.6,495.3,160.38,523.07
ORD202318617,2023-11-13,West,Phone,Corporate,Books,Comics,3,27.39,82.17,14.14,18.01,48.56,11.62,70.55,34.26,88.56
ORD202326426,2023-11-21,West,Store,Small Business,Sports,Basketball,6,170.74,1024.44,6.13,0.0,45.36,62.8,961.64,436.2,961.64
ORD202426821,2024-07-18,South,Online,Corporate,Sports,Dumbbells,48,221.26,10620.48,17.44,22.0,44.74,1852.21,8768.27,3922.92,8790.27
ORD202326274,2024-06-14,South,Online,Corporate,Clothing,Jacket,27,155.49,4198.23,22.02,26.8,34.76,924.45,3273.78,1137.97,3300.58
ORD202355353,2024-06-15,South,Store,Small Business,Food,Coffee,31,42.16,1306.96,8.38,0.0,23.22,109.52,1197.44,278.05,1197.44
ORD202426406,2024-10-02,North,Phone,Small Business,Food,Fresh Produce,30,45.89,1376.7,13.9,32.7,20.03,191.36,1185.34,237.42,1218.04
ORD202387569,2024-08-17,Central,Phone,Small Business,Clothing,Jeans,12,21.15,253.8,15.42,39.44,38.61,39.14,214.66,82.88,254.1
ORD202483874,2023-02-12,North,Online,Small Business,Home & Garden,Furniture,17,102.13,1736.21,0.23,25.47,30.66,3.99,1732.22,531.1,1757.69
ORD202495344,2023-08-04,Central,Store,Small Business,Home & Garden,Bedding,48,98.14,4710.72,13.53,0.0,39.5,637.36,4073.36,1608.98,4073.36
ORD202375278,2024-10-04,East,Phone,Corporate,Toys,Puzzles,32,128.42,4109.44,4.49,32.61,34.8,184.51,3924.93,1365.88,3957.54
ORD202399783,2024-02-20,North,Online,Individual,Food,Frozen Food,22,47.18,1037.96,1.7,12.52,37.2,17.65,1020.31,379.56,1032.83
ORD202464476,2024-05-10,Central,Store,Individual,Books,Non-Fiction,17,48.55,825.35,11.84,0.0,49.17,97.72,727.63,357.78,727.63
ORD202451853,2023-12-20,Central,Store,Small Business,Books,Non-Fiction,22,41.05,903.1,21.79,0.0,35.91,196.79,706.31,253.64,706.31
ORD202351827,2023-09-05,West,Store,Individual,Books,Fiction,47,58.44,2746.68,3.25,0.0,49.99,89.27,2657.41,1328.44,2657.41
ORD202322689,2023-02-21,West,Phone,Individual,Food,Frozen Food,12,6.11,73.32,8.09,24.66,20.55,5.93,67.39,13.85,92.05
ORD202352917,2024-08-14,South,Online,Corporate,Sports,Tennis Racket,11,214.49,2359.39,6.84,29.93,36.92,161.38,2198.01,811.51,2227.94
ORD202475373,2023-11-12,West,Online,Small Business,Books,Fiction,17,15.11,256.87,13.18,25.65,52.08,33.86,223.01,116.14,248.66
ORD202441552,2023-08-09,North,Online,Corporate,Toys,Puzzles,11,44.8,492.8,17.01,21.36,27.06,83.83,408.97,110.67,430.33
ORD202488317,2024-10-31,Central,Store,Individual,Sports,Yoga Mat,27,264.37,7137.99,0.78,0.0,47.26,55.68,7082.31,3347.1,7082.31
ORD202366482,2023-05-18,East,Store,Individual,Food,Beverages,29,47.46,1376.34,15.96,0.0,30.49,219.66,1156.68,352.67,1156.68
ORD202416705,2024-08-06,Central,Store,Corporate,Toys,Board Games,6,117.61,705.66,7.8,0.0,36.06,55.04,650.62,234.61,650.62
ORD202360639,2024-05-31,Central,Store,Small Business,Books,Magazines,38,21.5,817.0,0.78,0.0,39.26,6.37,810.63,318.25,810.63
ORD202326864,2023-04-10,Central,Store,Corporate,Books,Educational,25,45.75,1143.75,11.79,0.0,46.26,134.85,1008.9,466.72,1008.9
ORD202336090,2024-09-08,North,Phone,Individual,Toys,Dolls,27,145.71,3934.17,21.72,33.3,29.64,854.5,3079.67,912.81,3112.97
ORD202327961,2024-12-31,West,Phone,Individual,Food,Frozen Food,15,25.42,381.3,0.45,33.9,33.26,1.72,379.58,126.25,413.48
ORD202352987,2024-09-19,Central,Store,Small Business,Food,Snacks,44,6.46,284.24,15.42,0.0,43.02,43.83,240.41,103.42,240.41
ORD202487820,2023-12-11,West,Phone,Small Business,Toys,Building Blocks,46,77.38,3559.48,14.96,28.22,25.03,532.5,3026.98,757.65,3055.2
ORD202472245,2023-01-18,North,Phone,Corporate,Food,Beverages,20,24.36,487.2,12.29,11.93,25.01,59.88,427.32,106.87,439.25
ORD202492478,2023-01-28,Central,Store,Small Business,Toys,Dolls,2,122.67,245.34,11.38,0.0,32.76,27.92,217.42,71.23,217.42
ORD202316731,2024-08-20,Central,Phone,Corporate,Books,Non-Fiction,8,33.23,265.84,9.89,39.24,48.61,26.29,239.55,116.45,278.79
ORD202399224,2023-09-06,North,Phone,Individual,Electronics,Smart Watch,38,724.99,27549.62,21.5,33.4,32.37,5923.17,21626.45,7000.48,21659.85
ORD202367807,2023-11-18,South,Store,Corporate,Books,Non-Fiction,8,46.21,369.68,3.65,0.0,49.98,13.49,356.19,178.02,356.19
ORD202418163,2024-12-23,Central,Online,Corporate,Clothing,Dress,12,197.6,2371.2,12.47,20.45,34.27,295.69,2075.51,711.28,2095.96
ORD202478875,2024-01-21,Central,Store,Corporate,Food,Snacks,20,20.57,411.4,23.53,0.0,39.4,96.8,314.6,123.95,314.6
ORD202498587,2024-11-28,West,Phone,Individual,Sports,Tennis Racket,33,169.78,5602.74,8.77,11.0,29.76,491.36,5111.38,1521.15,5122.38
ORD202346569,2024-07-25,East,Store,Small Business,Food,Snacks,26,22.86,594.36,14.19,0.0,23.32,84.34,510.02,118.94,510.02
ORD202374094,2023-11-21,East,Phone,Corporate,Books,Educational,46,44.66,2054.36,1.03,30.11,51.43,21.16,2033.2,1045.67,2063.31
ORD202385166,2024-11-23,East,Store,Individual,Toys,Dolls,40,100.92,4036.8,0.79,0.0,42.66,31.89,4004.91,1708.49,4004.91
ORD202415513,2023-10-22,West,Store,Small Business,Sports,Basketball,6,196.48,1178.88,7.47,0.0,40.26,88.06,1090.82,439.16,1090.82
ORD202472793,2023-08-08,Central,Store,Small Business,Clothing,Dress,12,176.77,2121.24,20.04,0.0,51.42,425.1,1696.14,872.16,1696.14
ORD202427992,2023-04-22,South,Online,Individual,Toys,Building Blocks,47,125.0,5875.0,22.37,18.69,27.0,1314.24,4560.76,1231.41,4579.45
ORD202393616,2023-08-27,East,Store,Small Business,Electronics,Laptop,22,1014.17,22311.74,13.16,0.0,31.09,2936.22,19375.52,6023.85,19375.52
ORD202423178,2024-11-28,Central,Online,Individual,Home & Garden,Kitchen Appliances,42,247.37,10389.54,14.83,21.26,38.67,1540.77,8848.77,3421.82,8870.03
ORD202495575,2024-05-02,East,Store,Corporate,Books,Non-Fiction,25,53.59,1339.75,24.4,0.0,39.38,326.9,1012.85,398.86,1012.85
ORD202321725,2024-10-29,North,Phone,Individual,Toys,Board Games,36,115.48,4157.28,10.84,11.31,46.8,450.65,3706.63,1734.7,3717.94
ORD202433040,2023-02-07,South,Store,Small Business,Home & Garden,Gardening Tools,44,299.91,13196.04,5.71,0.0,38.54,753.49,12442.55,4795.36,12442.55
ORD202414910,2023-01-10,North,Phone,Corporate,Food,Fresh Produce,32,29.41,941.12,2.04,22.1,32.33,19.2,921.92,298.06,944.02
ORD202469552,2024-10-18,South,Store,Small Business,Toys,Building Blocks,29,71.48,2072.92,21.01,0.0,30.09,435.52,1637.4,492.69,1637.4
ORD202445761,2023-07-17,South,Store,Small Business,Home & Garden,Furniture,49,440.72,21595.28,18.57,0.0,38.72,4010.24,17585.04,6808.93,17585.04
ORD202494972,2023-09-21,East,Online,Corporate,Sports,Football,20,199.77,3995.4,19.19,17.62,42.71,766.72,3228.68,1378.97,3246.3
ORD202333002,2024-09-17,Central,Store,Corporate,Home & Garden,Gardening Tools,49,281.3,13783.7,0.73,0.0,35.53,100.62,13683.08,4861.6,13683.08
ORD202362538,2024-11-16,West,Online,Corporate,Electronics,Smartphone,34,1076.0,36584.0,22.52,15.54,36.84,8238.72,28345.28,10442.4,28360.82
ORD202310895,2023-09-25,East,Store,Corporate,Books,Non-Fiction,42,59.61,2503.62,8.98,0.0,40.68,224.83,2278.79,927.01,2278.79
ORD202486344,2024-08-09,East,Phone,Small Business,Electronics,Tablet,3,1321.34,3964.02,18.33,13.95,30.79,726.6,3237.42,996.8,3251.37
ORD202318142,2024-11-14,South,Store,Corporate,Electronics,Headphones,8,929.56,7436.48,15.81,0.0,30.05,1175.71,6260.77,1881.36,6260.77
ORD202425389,2024-10-16,South,Phone,Individual,Food,Beverages,14,48.71,681.94,21.36,24.77,24.52,145.66,536.28,131.5,561.05
ORD202372676,2023-06-06,West,Store,Small Business,Books,Magazines,47,39.65,1863.55,16.57,0.0,46.59,308.79,1554.76,724.36,1554.76
ORD202480453,2024-11-11,Central,Online,Individual,Home & Garden,Kitchen Appliances,39,123.59,4820.01,24.24,11.45,30.99,1168.37,3651.64,1131.64,3663.09
ORD202479228,2024-12-21,North,Phone,Individual,Food,Coffee,37,5.41,200.17,14.97,21.9,34.71,29.97,170.2,59.08,192.1
ORD202385065,2024-07-03,Central,Store,Corporate,Clothing,Jeans,23,101.68,2338.64,1.84,0.0,37.08,43.03,2295.61,851.21,2295.61
ORD202399167,2023-07-30,North,Store,Small Business,Sports,Dumbbells,14,119.34,1670.76,16.73,0.0,36.98,279.52,1391.24,514.48,1391.24
ORD202417292,2024-04-09,West,Store,Small Business,Clothing,Dress,41,97.56,3999.96,15.43,0.0,37.46,617.19,3382.77,1267.19,3382.77
ORD202383242,2024-04-18,North,Phone,Corporate,Sports,Tennis Racket,1,98.18,98.18,9.48,28.17,35.19,9.31,88.87,31.27,117.04
ORD202410395,2023-08-12,West,Online,Corporate,Toys,Action Figures,47,104.61,4916.67,21.1,25.14,36.87,1037.42,3879.25,1430.28,3904.39
ORD202380931,2023-03-03,East,Online,Corporate,Electronics,Headphones,28,1755.59,49156.52,13.5,5.85,28.95,6636.13,42520.39,12309.65,42526.24
ORD202327750,2024-10-18,West,Store,Corporate,Sports,Yoga Mat,14,45.41,635.74,23.42,0.0,38.62,148.89,486.85,188.02,486.85
ORD202459236,2023-03-24,East,Online,Individual,Sports,Dumbbells,29,202.8,5881.2,4.5,7.21,32.49,264.65,5616.55,1824.82,5623.76
ORD202380419,2024-02-07,South,Phone,Individual,Toys,Board Games,33,83.48,2754.84,3.71,39.6,26.04,102.2,2652.64,690.75,2692.24
ORD202349107,2024-04-19,Central,Store,Corporate,Sports,Dumbbells,24,215.21,5165.04,8.08,0.0,28.35,417.34,4747.7,1345.97,4747.7
ORD202342441,2024-04-16,South,Store,Small Business,Food,Snacks,29,44.06,1277.74,12.89,0.0,31.37,164.7,1113.04,349.16,1113.04
ORD202314222,2024-11-07,South,Online,Individual,Books,Magazines,23,43.34,996.82,0.75,12.7,37.79,7.48,989.34,373.87,1002.04
ORD202323224,2024-08-31,North,Phone,Individual,Electronics,Headphones,16,1891.68,30266.88,4.06,15.65,33.32,1228.84,29038.04,9675.47,29053.69
ORD202362725,2024-03-25,North,Online,Individual,Clothing,Dress,8,48.11,384.88,24.08,11.38,37.04,92.68,292.2,108.23,303.58
ORD202440692,2024-08-12,East,Phone,Individual,Food,Fresh Produce,1,42.72,42.72,17.08,24.92,43.62,7.3,35.42,15.45,60.34
ORD202428777,2024-11-07,East,Store,Corporate,Toys,Board Games,17,127.17,2161.89,19.21,0.0,46.62,415.3,1746.59,814.26,1746.59
ORD202382970,2024-08-28,West,Phone,Small Business,Sports,Football,27,281.36,7596.72,16.91,16.47,41.79,1284.61,6312.11,2637.83,6328.58
ORD202416145,2023-12-19,East,Phone,Small Business,Sports,Yoga Mat,16,253.25,4052.0,14.43,20.46,41.34,584.7,3467.3,1433.38,3487.76
ORD202463511,2023-06-02,Central,Online,Corporate,Food,Frozen Food,2,49.97,99.94,24.43,15.17,21.21,24.42,75.52,16.02,90.69
ORD202339536,2023-11-04,North,Store,Small Business,Home & Garden,Kitchen Appliances,48,388.59,18652.32,7.22,0.0,24.08,1346.7,17305.62,4167.19,17305.62
ORD202464592,2024-07-24,South,Store,Corporate,Toys,Board Games,11,133.6,1469.6,8.18,0.0,35.1,120.21,1349.39,473.64,1349.39
ORD202353288,2024-10-24,North,Store,Small Business,Electronics,Headphones,38,988.71,37570.98,21.95,0.0,37.53,8246.83,29324.15,11005.35,29324.15
ORD202316755,2023-10-02,North,Phone,Individual,Books,Magazines,23,31.78,730.94,3.01,26.33,51.36,22.0,708.94,364.11,735.27
ORD202387015,2024-11-18,South,Store,Corporate,Toys,Board Games,25,59.33,1483.25,15.25,0.0,40.76,226.2,1257.05,512.37,1257.05
ORD202412009,2023-08-05,West,Phone,Individual,Clothing,T-Shirt,15,145.18,2177.7,11.22,17.13,41.66,244.34,1933.36,805.44,1950.49
ORD202361987,2023-09-03,West,Store,Corporate,Toys,Puzzles,49,75.0,3675.0,14.68,0.0,25.37,539.49,3135.51,795.48,3135.51
ORD202450425,2023-09-25,West,Store,Individual,Food,Fresh Produce,8,35.07,280.56,11.59,0.0,35.49,32.52,248.04,88.03,248.04
ORD202451973,2023-07-28,North,Store,Small Business,Food,Beverages,3,29.41,88.23,21.18,0.0,43.79,18.69,69.54,30.45,69.54
ORD202329126,2023-01-17,Central,Phone,Small Business,Food,Fresh Produce,28,6.15,172.2,9.5,21.96,28.53,16.36,155.84,44.46,177.8
ORD202448691,2023-06-06,West,Online,Small Business,Clothing,Jacket,37,64.29,2378.73,9.86,18.74,44.3,234.54,2144.19,949.88,2162.93
ORD202375444,2024-07-17,West,Store,Small Business,Sports,Tennis Racket,46,223.89,10298.94,0.46,0.0,47.11,47.38,10251.56,4829.51,10251.56
ORD202470401,2023-06-22,South,Online,Small Business,Sports,Tennis Racket,23,146.33,3365.59,1.78,28.87,45.93,59.91,3305.68,1518.3,3334.55
ORD202434123,2024-07-09,North,Phone,Individual,Sports,Basketball,36,280.3,10090.8,23.36,20.55,29.21,2357.21,7733.59,2258.98,7754.14
ORD202310836,2024-02-27,South,Online,Individual,Clothing,Jeans,34,49.94,1697.96,13.08,21.75,48.52,222.09,1475.87,716.09,1497.62
ORD202376287,2024-04-11,Central,Phone,Corporate,Food,Coffee,29,41.14,1193.06,7.78,28.31,33.48,92.82,1100.24,368.36,1128.55
ORD202412061,2023-01-07,North,Store,Individual,Toys,Building Blocks,18,68.99,1241.82,20.58,0.0,49.42,255.57,986.25,487.4,986.25
ORD202480220,2023-10-21,West,Phone,Individual,Electronics,Smart Watch,30,526.07,15782.1,4.54,25.75,32.03,716.51,15065.59,4825.51,15091.34
ORD202322624,2024-06-20,Central,Online,Small Business,Clothing,Jeans,7,73.15,512.05,4.63,27.94,53.8,23.71,488.34,262.73,516.28
ORD202456457,2023-10-01,East,Online,Corporate,Home & Garden,Gardening Tools,20,267.6,5352.0,13.76,6.09,40.54,736.44,4615.56,1871.15,4621.65
ORD202484055,2023-09-07,North,Store,Small Business,Sports,Football,42,60.32,2533.44,15.95,0.0,28.05,404.08,2129.36,597.29,2129.36
ORD202322255,2024-02-20,West,Phone,Individual,Books,Comics,21,54.21,1138.41,5.3,28.33,39.56,60.34,1078.07,426.48,1106.4
ORD202332463,2023-03-26,East,Phone,Small Business,Books,Comics,42,55.0,2310.0,5.92,33.42,42.07,136.75,2173.25,914.29,2206.67
ORD202379226,2023-02-13,Central,Phone,Corporate,Clothing,Jeans,24,168.07,4033.68,16.69,12.87,42.71,673.22,3360.46,1435.25,3373.33
ORD202416102,2023-03-18,Central,Phone,Small Business,Sports,Tennis Racket,36,70.42,2535.12,3.82,17.06,36.48,96.84,2438.28,889.48,2455.34
ORD202333508,2023-11-19,South,Phone,Small Business,Electronics,Smartphone,44,1753.03,77133.32,2.39,10.71,20.42,1843.49,75289.83,15374.18,75300.54
ORD202420084,2023-11-03,Central,Online,Corporate,Clothing,Dress,15,61.44,921.6,15.95,11.42,36.19,147.0,774.6,280.33,786.02
ORD202460311,2023-05-24,East,Phone,Individual,Home & Garden,Furniture,13,317.51,4127.63,24.69,14.09,33.43,1019.11,3108.52,1039.18,3122.61
ORD202367290,2023-08-26,Central,Store,Small Business,Home & Garden,Furniture,21,354.13,7436.73,11.14,0.0,32.18,828.45,6608.28,2126.54,6608.28
ORD202452778,2023-01-31,West,Store,Individual,Sports,Tennis Racket,41,216.96,8895.36,3.21,0.0,47.83,285.54,8609.82,4118.08,8609.82
ORD202482487,2024-01-20,Central,Phone,Small Business,Books,Non-Fiction,19,40.16,763.04,22.64,33.18,41.74,172.75,590.29,246.39,623.47
ORD202421232,2024-09-25,North,Phone,Individual,Food,Snacks,36,8.85,318.6,4.8,19.7,42.35,15.29,303.31,128.45,323.01
ORD202430214,2024-01-25,West,Phone,Corporate,Sports,Football,6,125.85,755.1,12.98,12.03,29.39,98.01,657.09,193.12,669.12
ORD202423965,2023-04-04,East,Store,Corporate,Electronics,Tablet,5,325.88,1629.4,6.78,0.0,31.0,110.47,1518.93,470.87,1518.93
ORD202327367,2023-03-31,Central,Store,Small Business,Clothing,Shoes,8,137.16,1097.28,8.11,0.0,45.99,88.99,1008.29,463.71,1008.29
ORD202423538,2023-01-27,North,Phone,Small Business,Electronics,Tablet,3,542.58,1627.74,9.46,20.89,16.31,153.98,1473.76,240.37,1494.65
ORD202460493,2023-01-13,North,Store,Small Business,Food,Frozen Food,35,37.88,1325.8,1.5,0.0,31.63,19.89,1305.91,413.06,1305.91
ORD202384967,2024-06-17,South,Online,Corporate,Clothing,Shoes,44,35.98,1583.12,15.87,23.87,58.85,251.24,1331.88,783.81,1355.75
ORD202445180,2024-05-19,West,Online,Corporate,Clothing,T-Shirt,16,93.71,1499.36,20.55,5.03,42.68,308.12,1191.24,508.42,1196.27
ORD202449289,2024-05-10,East,Store,Individual,Home & Garden,Furniture,16,349.21,5587.36,23.18,0.0,40.3,1295.15,4292.21,1729.76,4292.21
ORD202487831,2024-09-23,South,Online,Corporate,Clothing,Shoes,45,41.57,1870.65,0.5,23.43,59.22,9.35,1861.3,1102.26,1884.73
ORD202361864,2023-12-07,East,Store,Corporate,Home & Garden,Bedding,44,159.65,7024.6,2.32,0.0,37.45,162.97,6861.63,2569.68,6861.63
ORD202466441,2024-10-28,East,Store,Small Business,Toys,Board Games,22,27.03,594.66,3.19,0.0,43.88,18.97,575.69,252.61,575.69
ORD202372784,2023-11-18,East,Store,Small Business,Clothing,Shoes,16,111.23,1779.68,1.58,0.0,34.78,28.12,1751.56,609.19,1751.56
ORD202485481,2023-09-06,West,Store,Corporate,Food,Frozen Food,36,18.64,671.04,9.0,0.0,26.58,60.39,610.65,162.31,610.65
ORD202383905,2023-07-24,Central,Online,Individual,Toys,Building Blocks,21,61.75,1296.75,12.74,25.63,30.98,165.21,1131.54,350.55,1157.17
ORD202437479,2024-03-24,North,Phone,Corporate,Home & Garden,Decor,23,474.07,10903.61,4.04,33.59,42.09,440.51,10463.1,4403.92,10496.69
ORD202428242,2024-10-10,South,Store,Small Business,Food,Snacks,15,49.65,744.75,5.21,0.0,41.29,38.8,705.95,291.49,705.95
ORD202459412,2023-03-17,Central,Store,Corporate,Books,Magazines,47,29.86,1403.42,15.7,0.0,45.79,220.34,1183.08,541.73,1183.08
ORD202481256,2023-02-07,Central,Phone,Small Business,Home & Garden,Decor,30,445.09,13352.7,20.15,33.7,41.97,2690.57,10662.13,4474.9,10695.83
ORD202324335,2023-09-12,Central,Online,Individual,Sports,Tennis Racket,14,51.85,725.9,4.34,22.37,36.06,31.5,694.4,250.4,716.77
ORD202453463,2024-03-16,East,Online,Individual,Electronics,Laptop,18,1923.18,34617.24,23.32,19.38,29.33,8072.74,26544.5,7785.5,26563.88
ORD202368429,2024-01-19,Central,Phone,Small Business,Books,Comics,33,56.14,1852.62,15.16,32.94,44.74,280.86,1571.76,703.21,1604.7
ORD202355215,2023-01-26,West,Store,Individual,Books,Fiction,3,57.64,172.92,16.66,0.0,51.5,28.81,144.11,74.22,144.11
ORD202328569,2023-12-23,South,Store,Small Business,Food,Beverages,34,8.07,274.38,3.38,0.0,20.65,9.27,265.11,54.75,265.11
ORD202455652,2024-05-02,West,Phone,Corporate,Electronics,Headphones,4,343.94,1375.76,3.05,27.83,34.42,41.96,1333.8,459.09,1361.63
ORD202349356,2023-02-15,East,Online,Small Business,Home & Garden,Furniture,31,277.76,8610.56,2.64,21.02,32.11,227.32,8383.24,2691.86,8404.26
ORD202398754,2023-06-18,South,Phone,Small Business,Sports,Football,29,34.78,1008.62,9.12,21.59,40.05,91.99,916.63,367.11,938.22
ORD202353383,2024-07-27,West,Online,Small Business,Books,Comics,5,49.04,245.2,1.45,29.87,44.2,3.56,241.64,106.8,271.51
ORD202334430,2024-10-17,North,Store,Small Business,Sports,Yoga Mat,31,217.66,6747.46,5.98,0.0,47.67,403.5,6343.96,3024.17,6343.96
ORD202368926,2024-08-29,South,Online,Individual,Books,Comics,35,13.73,480.55,6.63,9.44,50.65,31.86,448.69,227.26,458.13
ORD202418200,2024-08-14,East,Online,Corporate,Electronics,Smart Watch,16,312.13,4994.08,24.92,25.35,27.74,1244.52,3749.56,1040.13,3774.91
ORD202369972,2023-04-27,East,Phone,Small Business,Food,Frozen Food,39,14.94,582.66,16.39,35.44,24.34,95.5,487.16,118.57,522.6
ORD202490125,2024-02-06,East,Store,Corporate,Toys,Action Figures,37,134.69,4983.53,4.87,0.0,36.24,242.7,4740.83,1718.08,4740.83
ORD202398288,2024-12-23,Central,Phone,Individual,Home & Garden,Decor,7,286.48,2005.36,4.42,21.61,33.08,88.64,1916.72,634.05,1938.33
ORD202351049,2023-05-01,South,Online,Corporate,Clothing,Jacket,5,21.99,109.95,12.03,5.48,42.48,13.23,96.72,41.09,102.2
ORD202376954,2024-02-02,Central,Online,Corporate,Books,Magazines,15,39.11,586.65,4.74,20.47,48.62,27.81,558.84,271.71,579.31
ORD202434347,2024-05-13,South,Phone,Small Business,Sports,Dumbbells,13,33.27,432.51,24.4,34.05,32.82,105.53,326.98,107.31,361.03
ORD202374178,2023-10-23,West,Store,Small Business,Clothing,Jeans,45,27.67,1245.15,6.65,0.0,41.14,82.8,1162.35,478.19,1162.35
ORD202357059,2023-01-10,West,Online,Small Business,Books,Non-Fiction,11,32.72,359.92,2.45,17.21,51.89,8.82,351.1,182.19,368.31
ORD202463626,2024-12-02,West,Phone,Corporate,Books,Comics,4,53.23,212.92,16.29,34.32,39.87,34.68,178.24,71.06,212.56
ORD202320835,2024-08-01,North,Store,Corporate,Electronics,Smartphone,29,910.06,26391.74,19.63,0.0,26.49,5180.7,21211.04,5618.8,21211.04
ORD202380465,2023-10-23,West,Phone,Small Business,Clothing,Shoes,13,43.97,571.61,16.47,38.28,33.06,94.14,477.47,157.85,515.75
ORD202385066,2023-04-27,Central,Store,Individual,Food,Fresh Produce,2,24.69,49.38,21.02,0.0,26.37,10.38,39.0,10.28,39.0
ORD202481611,2023-08-12,South,Phone,Corporate,Books,Fiction,40,33.07,1322.8,16.48,36.85,47.74,218.0,1104.8,527.43,1141.65
ORD202368947,2023-09-27,North,Store,Individual,Food,Coffee,8,15.21,121.68,11.27,0.0,42.23,13.71,107.97,45.6,107.97
ORD202387060,2024-12-06,West,Phone,Individual,Food,Fresh Produce,45,11.76,529.2,12.81,30.41,38.44,67.79,461.41,177.37,491.82
ORD202337082,2023-07-31,East,Phone,Small Business,Home & Garden,Furniture,13,67.11,872.43,16.48,34.06,39.16,143.78,728.65,285.34,762.71
ORD202488231,2024-07-05,East,Phone,Corporate,Clothing,Jacket,35,22.18,776.3,18.44,20.6,58.7,143.15,633.15,371.66,653.75
ORD202477425,2024-11-26,West,Online,Individual,Home & Garden,Furniture,46,496.21,22825.66,23.56,24.6,44.33,5377.73,17447.93,7734.67,17472.53
ORD202495969,2023-05-10,South,Online,Small Business,Sports,Football,43,141.28,6075.04,20.76,6.72,38.99,1261.18,4813.86,1876.92,4820.58
ORD202442447,2024-11-23,Central,Online,Small Business,Books,Comics,10,11.05,110.5,24.2,12.39,36.64,26.74,83.76,30.69,96.15
ORD202492288,2024-02-29,North,Online,Corporate,Books,Comics,40,41.23,1649.2,5.14,8.03,42.64,84.77,1564.43,667.07,1572.46
ORD202458374,2024-04-10,North,Phone,Small Business,Books,Educational,4,48.73,194.92,13.26,11.26,47.88,25.85,169.07,80.95,180.33
ORD202370089,2024-10-12,Central,Online,Corporate,Sports,Tennis Racket,10,245.65,2456.5,24.5,20.05,33.86,601.84,1854.66,627.99,1874.71
ORD202366314,2023-08-05,East,Store,Corporate,Books,Educational,32,47.4,1516.8,16.41,0.0,51.24,248.91,1267.89,649.67,1267.89
ORD202384205,2024-05-11,North,Phone,Individual,Home & Garden,Decor,11,69.68,766.48,14.96,12.85,24.55,114.67,651.81,160.02,664.66
ORD202392074,2024-04-15,West,Online,Corporate,Electronics,Laptop,40,977.74,39109.6,15.32,28.58,25.99,5991.59,33118.01,8607.37,33146.59
ORD202366072,2023-07-27,East,Phone,Individual,Sports,Football,30,280.65,8419.5,12.4,10.38,41.52,1044.02,7375.48,3062.3,7385.86
ORD202422234,2024-11-01,East,Online,Small Business,Food,Beverages,21,17.87,375.27,21.53,26.16,40.4,80.8,294.47,118.97,320.63
ORD202316787,2024-02-10,South,Phone,Corporate,Sports,Tennis Racket,41,176.88,7252.08,5.53,39.35,40.72,401.04,6851.04,2789.74,6890.39
ORD202322475,2023-01-02,South,Online,Small Business,Clothing,Shoes,46,151.13,6951.98,16.4,9.44,53.29,1140.12,5811.86,3097.14,5821.3
ORD202378084,2024-11-27,East,Online,Individual,Books,Fiction,22,47.66,1048.52,13.49,23.2,40.39,141.45,907.07,366.37,930.27
ORD202427324,2024-05-04,North,Store,Small Business,Electronics,Smartphone,2,437.11,874.22,20.44,0.0,33.15,178.69,695.53,230.57,695.53
ORD202323526,2023-11-17,West,Online,Individual,Food,Beverages,31,26.98,836.38,8.56,15.34,23.77,71.59,764.79,181.79,780.13
ORD202318966,2024-06-27,South,Phone,Corporate,Toys,Action Figures,37,94.7,3503.9,7.44,26.95,37.71,260.69,3243.21,1223.01,3270.16
ORD202437925,2024-10-05,Central,Store,Small Business,Sports,Football,29,55.31,1603.99,21.93,0.0,39.54,351.76,1252.23,495.13,1252.23
ORD202438474,2023-03-30,Central,Online,Small Business,Electronics,Smartphone,37,488.13,18060.81,0.23,11.17,26.54,41.54,18019.27,4782.31,18030.44
ORD202456076,2024-03-15,East,Online,Small Business,Food,Snacks,5,44.67,223.35,4.85,27.0,26.95,10.83,212.52,57.27,239.52
ORD202342527,2024-07-20,Central,Phone,Corporate,Toys,Building Blocks,34,42.54,1446.36,18.33,28.48,38.88,265.12,1181.24,459.27,1209.72
ORD202396298,2023-11-05,Central,Phone,Individual,Clothing,Dress,27,143.82,3883.14,13.47,25.72,41.26,523.06,3360.08,1386.37,3385.8
ORD202448737,2024-10-23,West,Store,Individual,Electronics,Smartphone,42,1569.78,65930.76,18.64,0.0,15.88,12289.49,53641.27,8518.23,53641.27
ORD202375481,2024-10-15,North,Phone,Corporate,Toys,Action Figures,14,116.19,1626.66,16.96,32.69,43.97,275.88,1350.78,593.94,1383.47
ORD202427299,2024-02-01,East,Store,Small Business,Home & Garden,Bedding,31,187.52,5813.12,24.91,0.0,42.16,1448.05,4365.07,1840.31,4365.07
ORD202371736,2023-03-16,North,Online,Corporate,Electronics,Smart Watch,4,893.68,3574.72,19.51,10.43,31.08,697.43,2877.29,894.26,2887.72
ORD202315220,2023-03-03,East,Phone,Small Business,Home & Garden,Gardening Tools,26,226.19,5880.94,17.39,10.1,31.49,1022.7,4858.24,1529.86,4868.34
ORD202465518,2024-12-19,Central,Phone,Small Business,Books,Fiction,38,18.34,696.92,9.69,22.07,38.63,67.53,629.39,243.13,651.46
ORD202346368,2023-03-27,South,Phone,Individual,Food,Coffee,7,26.64,186.48,1.62,27.4,36.06,3.02,183.46,66.16,210.86
ORD202461213,2024-08-23,West,Store,Small Business,Sports,Basketball,4,44.26,177.04,14.98,0.0,37.73,26.52,150.52,56.79,150.52
ORD202317589,2023-09-08,West,Online,Small Business,Electronics,Headphones,19,685.68,13027.92,12.46,6.93,35.63,1623.28,11404.64,4063.47,11411.57
ORD202350539,2024-11-13,North,Online,Small Business,Sports,Football,22,217.76,4790.72,24.55,10.25,42.92,1176.12,3614.6,1551.39,3624.85
ORD202311487,2023-06-17,Central,Phone,Small Business,Books,Educational,36,35.86,1290.96,3.69,19.85,43.8,47.64,1243.32,544.57,1263.17
ORD202431884,2024-01-16,North,Phone,Individual,Clothing,Jacket,33,35.95,1186.35,14.96,32.07,36.62,177.48,1008.87,369.45,1040.94
ORD202466272,2023-10-06,Central,Store,Small Business,Toys,Action Figures,11,114.04,1254.44,4.34,0.0,32.49,54.44,1200.0,389.88,1200.0
ORD202375031,2024-04-11,West,Online,Small Business,Toys,Puzzles,6,100.88,605.28,2.96,15.25,44.64,17.92,587.36,262.2,602.61
ORD202358193,2023-06-11,North,Phone,Individual,Food,Coffee,14,38.62,540.68,23.76,16.09,38.5,128.47,412.21,158.7,428.3
ORD202315772,2023-01-13,East,Store,Corporate,Clothing,T-Shirt,10,80.21,802.1,0.6,0.0,30.79,4.81,797.29,245.49,797.29
ORD202333456,2023-02-06,East,Online,Individual,Toys,Dolls,45,109.19,4913.55,19.56,6.4,48.24,961.09,3952.46,1906.67,3958.86
ORD202451934,2023-10-05,East,Phone,Individual,Home & Garden,Furniture,35,243.35,8517.25,21.05,15.58,42.07,1792.88,6724.37,2828.94,6739.95
ORD202333507,2023-08-17,West,Online,Individual,Home & Garden,Bedding,49,245.83,12045.67,17.65,20.78,43.56,2126.06,9919.61,4320.98,9940.39
ORD202447002,2023-11-15,West,Phone,Individual,Food,Coffee,39,45.68,1781.52,19.51,10.21,42.73,347.57,1433.95,612.73,1444.16
ORD202436302,2023-10-26,Central,Phone,Individual,Toys,Puzzles,41,36.45,1494.45,3.38,32.54,40.26,50.51,1443.94,581.33,1476.48
ORD202458270,2024-08-28,Central,Phone,Individual,Books,Non-Fiction,24,33.6,806.4,7.07,11.34,35.27,57.01,749.39,264.31,760.73
ORD202310835,2024-02-24,East,Phone,Small Business,Electronics,Smartphone,22,671.07,14763.54,22.66,17.49,21.17,3345.42,11418.12,2417.22,11435.61
ORD202353911,2023-01-02,East,Phone,Individual,Home & Garden,Gardening Tools,16,217.04,3472.64,21.12,18.04,31.86,733.42,2739.22,872.72,2757.26
ORD202379443,2023-09-01,South,Online,Small Business,Books,Comics,9,34.38,309.42,1.57,27.66,35.67,4.86,304.56,108.64,332.22
ORD202422193,2023-02-14,East,Store,Corporate,Clothing,Dress,21,115.84,2432.64,8.68,0.0,42.33,211.15,2221.49,940.36,2221.49
ORD202386122,2023-04-08,West,Phone,Individual,Toys,Board Games,15,17.95,269.25,24.08,26.81,41.59,64.84,204.41,85.01,231.22
ORD202367014,2024-11-09,East,Store,Corporate,Clothing,Jeans,7,90.82,635.74,19.69,0.0,54.84,125.18,510.56,279.99,510.56
ORD202452762,2023-11-22,North,Online,Individual,Books,Educational,14,46.54,651.56,6.41,21.35,54.63,41.76,609.8,333.13,631.15
ORD202386638,2023-04-22,West,Online,Corporate,Clothing,T-Shirt,26,54.41,1414.66,7.72,28.68,40.15,109.21,1305.45,524.14,1334.13
ORD202463282,2023-05-04,West,Online,Corporate,Toys,Puzzles,12,62.18,746.16,3.78,10.63,27.85,28.2,717.96,199.95,728.59
ORD202444735,2023-05-03,East,Phone,Small Business,Electronics,Smartphone,42,359.91,15116.22,13.63,39.42,32.09,2060.34,13055.88,4189.63,13095.3
ORD202338183,2023-12-02,South,Phone,Corporate,Clothing,T-Shirt,34,92.72,3152.48,19.79,26.47,46.28,623.88,2528.6,1170.24,2555.07
ORD202477300,2023-02-20,South,Store,Individual,Sports,Tennis Racket,34,52.07,1770.38,12.12,0.0,37.17,214.57,1555.81,578.29,1555.81
ORD202469270,2024-07-23,North,Online,Corporate,Sports,Dumbbells,21,68.06,1429.26,5.4,7.44,41.28,77.18,1352.08,558.14,1359.52
ORD202328322,2023-05-05,South,Online,Individual,Electronics,Laptop,16,941.18,15058.88,13.64,6.56,31.27,2054.03,13004.85,4066.62,13011.41
ORD202458790,2024-12-03,Central,Phone,Corporate,Sports,Basketball,40,60.22,2408.8,24.45,33.82,35.12,588.95,1819.85,639.13,1853.67
ORD202312857,2023-03-08,North,Online,Corporate,Clothing,Shoes,49,56.25,2756.25,4.12,13.26,37.76,113.56,2642.69,997.88,2655.95
ORD202315596,2024-04-17,West,Phone,Small Business,Electronics,Smartphone,46,1557.39,71639.94,3.16,29.79,15.45,2263.82,69376.12,10718.61,69405.91
ORD202475028,2023-01-31,East,Online,Individual,Books,Comics,28,22.77,637.56,14.0,23.77,53.93,89.26,548.3,295.7,572.07
ORD202346042,2023-10-14,Central,Online,Small Business,Books,Non-Fiction,49,11.36,556.64,11.6,27.73,36.3,64.57,492.07,178.62,519.8
ORD202394840,2023-10-30,West,Phone,Individual,Books,Comics,33,29.54,974.82,9.3,23.55,50.97,90.66,884.16,450.66,907.71
ORD202346670,2024-01-28,Central,Online,Individual,Clothing,Shoes,43,159.61,6863.23,5.09,18.08,58.93,349.34,6513.89,3838.64,6531.97
ORD202360134,2024-12-31,West,Phone,Corporate,Food,Frozen Food,24,21.05,505.2,6.91,19.37,38.94,34.91,470.29,183.13,489.66
ORD202460905,2023-10-04,Central,Store,Individual,Clothing,T-Shirt,9,91.27,821.43,13.33,0.0,57.45,109.5,711.93,409.0,711.93
ORD202346822,2023-03-01,East,Phone,Small Business,Home & Garden,Gardening Tools,42,251.42,10559.64,4.15,28.4,34.83,438.23,10121.41,3525.29,10149.81
ORD202330922,2023-04-13,Central,Store,Small Business,Clothing,Jeans,45,183.11,8239.95,24.59,0.0,38.31,2026.2,6213.75,2380.49,6213.75
ORD202338758,2024-08-12,South,Store,Individual,Home & Garden,Gardening Tools,33,319.15,10531.95,9.09,0.0,22.77,957.35,9574.6,2180.14,9574.6
ORD202387662,2023-11-22,North,Phone,Small Business,Home & Garden,Decor,32,344.43,11021.76,11.01,28.46,25.5,1213.5,9808.26,2501.11,9836.72
ORD202484403,2024-07-31,West,Online,Small Business,Clothing,Dress,19,178.83,3397.77,12.63,29.18,54.11,429.14,2968.63,1606.33,2997.81
ORD202433010,2024-05-17,South,Online,Small Business,Electronics,Laptop,45,1971.4,88713.0,15.87,9.15,31.7,14078.75,74634.25,23659.06,74643.4
ORD202312612,2024-06-23,Central,Store,Individual,Books,Fiction,38,58.99,2241.62,3.25,0.0,48.12,72.85,2168.77,1043.61,2168.77
ORD202354663,2023-07-01,North,Online,Individual,Home & Garden,Decor,5,301.89,1509.45,17.98,27.26,34.13,271.4,1238.05,422.55,1265.31
ORD202324538,2024-06-22,East,Online,Small Business,Home & Garden,Decor,5,488.06,2440.3,7.41,27.96,29.75,180.83,2259.47,672.19,2287.43
ORD202486810,2023-04-14,South,Store,Individual,Food,Beverages,6,36.96,221.76,11.78,0.0,27.86,26.12,195.64,54.51,195.64
ORD202493789,2024-05-13,Central,Online,Small Business,Sports,Tennis Racket,47,205.95,9679.65,6.36,25.48,34.28,615.63,9064.02,3107.15,9089.5
ORD202439260,2024-11-12,East,Store,Small Business,Toys,Board Games,12,60.25,723.0,17.8,0.0,29.34,128.69,594.31,174.37,594.31
